{"done_training": true, "stop_early": false, "early_stopping_step": 0, "early_stopping_best_val": 100000000.0, "early_stopping_criteria": 5, "learning_rate": 0.001, "epoch_index": 19, "train_loss": [2.797164944807688, 2.5238726099332176, 2.2663343509038296, 2.115920702616373, 2.022363803784053, 1.9584902942180635, 1.9085304598013557, 1.8708325386047362, 1.8399574319521586, 1.8142714897791543, 1.7845852315425872, 1.7616218348344164, 1.7485479752222695, 1.7219548026720681, 1.6983420431613923, 1.6654708325862886, 1.6570018370946251, 1.6481918613115945, 1.633619846900304, 1.6318814257780705], "train_acc": [24.648437500000004, 38.95833333333335, 38.164062500000014, 38.007812500000014, 38.072916666666664, 38.281250000000014, 38.9453125, 38.984375, 39.309895833333336, 39.778645833333336, 40.55989583333332, 40.41666666666666, 41.471354166666664, 41.38020833333334, 42.00520833333332, 41.86197916666666, 42.6171875, 43.13802083333332, 43.020833333333336, 43.02083333333332], "val_loss": [2.677078540508564, 2.4218083711770864, 2.253525275450486, 2.16290636246021, 2.099989524254432, 2.0716534669582662, 2.033023229012122, 1.9979389539131758, 1.9923306978665867, 1.9751131259478059, 1.9586302042007446, 1.944286575684181, 1.9145759894297674, 1.914789218168992, 1.9423182652546813, 1.9063907128113966, 1.9007870875872097, 1.9047799568909867, 1.9003274807563195, 1.902953322117145], "val_acc": [38.4060650887574, 39.24741124260355, 36.76960059171598, 36.31656804733728, 39.61261094674556, 36.46449704142012, 37.046967455621306, 37.04234467455621, 36.82969674556213, 38.22577662721893, 40.55103550295858, 38.94693047337278, 37.75425295857988, 39.52940088757396, 37.72189349112426, 39.10872781065088, 40.148853550295854, 40.12573964497041, 38.156434911242606, 40.19970414201184], "test_loss": 1.9311105104593131, "test_acc": 41.03404156327544, "model_filename": "experiments\\1573783784_fe11b72c-074c-11ea-a233-14abc52ad6f8\\model.pth"}